insert into customer values(1,'tom', 'smith'),
(2,'Susie', 'Georgia'),
(3,'Jery', 'tom'),
(4,'Brad', 'Jones'),
(5, 'Neo', 'x'),
(6,'Tommy', 'Spinosa'),
(7,'Rokie', 'Barboa'),
(8,'Rambo', 'Rambo'),
(9,'Jessica', 'alba'),
(10,'Wil', 'smith'),
(11,'Albert', 'Pujos'),
(12,'tom', 'brady');

insert into category(id, name) values(1, "vegeatables"),
(2, "fruits"),
(3, "cleaning"),
(4, "beverages"),
(5, "can vegeatable"),
(6, "grains");


insert into product(id,cost,name,quantity,categories_id) values(1,3.99,"tomatoes", 500,1),
(2,5.99,"grapes", 500,2),
(3,2.65,"cloros", 300,3),
(4,1.99,"peach", 200,2),
(5,2.88,"avacado", 250,2),
(6,3.99,"can corn", 150,5),
(7,1.55,"can beans",99,1),
(8,20,"rice",23,6);

insert into rating(id,comment, score, product_id) values(1,"This product was very good",5, 1),
(2,"This product was ok good",3,1),
(3,"This product was ok good",3,1),
(4,"This product was ok good",3,1),
(5,"This product was ok good",3,1),
(6,"This product was ok good",3,1),
(7,"This product was very good",5, 1),
(8,"This product was very good",5, 1),
(9,"This product was very good",5, 1),
(10,"This product was very bad",1, 2),
(11,"This product was very bad",1, 2),
(12,"This product was ok good",3,2),
(13,"This product was ok good",3,2),
(14,"This product was ok good",3,2),
(15,"This product was ok good",3,2),
(16,"This product was ok good",3,2),
(17,"This product was very good",5, 2),
(18,"This product was very good",5, 2),
(19,"This product was very good",5, 2),
(20,"This product was very bad",1, 2),
(21,"This product was very bad",1, 2),
(22,"This product was ok good",3,3),
(23,"This product was ok good",3,3),
(24,"This product was ok good",3,3),
(25,"This product was ok good",3,3),
(26,"This product was ok good",3,3),
(27,"This product was very good",5, 3),
(28,"This product was very good",5, 3),
(29,"This product was very good",5, 3),
(30,"This product was very bad",1, 3),
(31,"This product was very bad",1, 3),
(32,"This product was ok good",3,4),
(33,"This product was ok good",3,4),
(34,"This product was ok good",3,4),
(35,"This product was ok good",3,4),
(36,"This product was ok good",3,4),
(37,"This product was very good",5, 4),
(38,"This product was very good",5, 4),
(39,"This product was very good",5, 4),
(40,"This product was very bad",1, 4),
(41,"This product was very bad",1, 4);